request_id,phase,prefix_id,tenant,digest,prefix_token_target,discard
0,0,27,tenant-3,p0027,2048,True
1,0,30,tenant-6,p0030,2048,True
2,0,1,tenant-1,p0001,2048,True
3,0,34,tenant-2,p0034,2048,True
4,0,44,tenant-4,p0044,2048,True
5,0,18,tenant-2,p0018,2048,True
6,0,21,tenant-5,p0021,2048,True
7,0,0,tenant-0,p0000,2048,True
8,0,55,tenant-7,p0055,2048,True
9,0,3,tenant-3,p0003,2048,True
10,0,44,tenant-4,p0044,2048,True
11,0,2,tenant-2,p0002,2048,True
12,0,6,tenant-6,p0006,2048,True
13,0,3,tenant-3,p0003,2048,True
14,0,43,tenant-3,p0043,2048,True
15,0,28,tenant-4,p0028,2048,True
16,0,32,tenant-0,p0032,2048,True
17,0,27,tenant-3,p0027,2048,True
18,0,11,tenant-3,p0011,2048,True
19,0,24,tenant-0,p0024,2048,True
20,0,2,tenant-2,p0002,2048,True
21,0,2,tenant-2,p0002,2048,True
22,0,1,tenant-1,p0001,2048,True
23,0,40,tenant-0,p0040,2048,True
24,0,59,tenant-3,p0059,2048,True
25,0,60,tenant-4,p0060,2048,True
26,0,8,tenant-0,p0008,2048,True
27,0,17,tenant-1,p0017,2048,True
28,0,56,tenant-0,p0056,2048,True
29,0,3,tenant-3,p0003,2048,True
30,0,44,tenant-4,p0044,2048,True
31,0,26,tenant-2,p0026,2048,True
32,0,0,tenant-0,p0000,2048,False
33,0,16,tenant-0,p0016,2048,False
34,0,63,tenant-7,p0063,2048,False
35,0,15,tenant-7,p0015,2048,False
36,0,26,tenant-2,p0026,2048,False
37,0,0,tenant-0,p0000,2048,False
38,0,20,tenant-4,p0020,2048,False
39,0,37,tenant-5,p0037,2048,False
40,0,1,tenant-1,p0001,2048,False
41,0,16,tenant-0,p0016,2048,False
42,0,25,tenant-1,p0025,2048,False
43,0,7,tenant-7,p0007,2048,False
44,0,0,tenant-0,p0000,2048,False
45,0,54,tenant-6,p0054,2048,False
46,0,12,tenant-4,p0012,2048,False
47,0,0,tenant-0,p0000,2048,False
48,0,15,tenant-7,p0015,2048,False
49,0,1,tenant-1,p0001,2048,False
50,0,6,tenant-6,p0006,2048,False
51,0,5,tenant-5,p0005,2048,False
52,0,21,tenant-5,p0021,2048,False
53,0,16,tenant-0,p0016,2048,False
54,0,43,tenant-3,p0043,2048,False
55,0,19,tenant-3,p0019,2048,False
56,0,2,tenant-2,p0002,2048,False
57,0,42,tenant-2,p0042,2048,False
58,0,36,tenant-4,p0036,2048,False
59,0,6,tenant-6,p0006,2048,False
60,0,29,tenant-5,p0029,2048,False
61,0,1,tenant-1,p0001,2048,False
62,0,22,tenant-6,p0022,2048,False
63,0,44,tenant-4,p0044,2048,False
64,1,123,tenant-3,p0123,2048,False
65,1,69,tenant-5,p0069,2048,False
66,1,80,tenant-0,p0080,2048,False
67,1,104,tenant-0,p0104,2048,False
68,1,80,tenant-0,p0080,2048,False
69,1,86,tenant-6,p0086,2048,False
70,1,73,tenant-1,p0073,2048,False
71,1,90,tenant-2,p0090,2048,False
72,1,64,tenant-0,p0064,2048,False
73,1,69,tenant-5,p0069,2048,False
74,1,90,tenant-2,p0090,2048,False
75,1,73,tenant-1,p0073,2048,False
76,1,70,tenant-6,p0070,2048,False
77,1,89,tenant-1,p0089,2048,False
78,1,94,tenant-6,p0094,2048,False
79,1,93,tenant-5,p0093,2048,False
80,1,70,tenant-6,p0070,2048,False
81,1,111,tenant-7,p0111,2048,False
82,1,64,tenant-0,p0064,2048,False
83,1,81,tenant-1,p0081,2048,False
84,1,66,tenant-2,p0066,2048,False
85,1,104,tenant-0,p0104,2048,False
86,1,114,tenant-2,p0114,2048,False
87,1,70,tenant-6,p0070,2048,False
88,1,64,tenant-0,p0064,2048,False
89,1,117,tenant-5,p0117,2048,False
90,1,94,tenant-6,p0094,2048,False
91,1,66,tenant-2,p0066,2048,False
92,1,68,tenant-4,p0068,2048,False
93,1,99,tenant-3,p0099,2048,False
94,1,88,tenant-0,p0088,2048,False
95,1,68,tenant-4,p0068,2048,False
96,1,80,tenant-0,p0080,2048,False
97,1,70,tenant-6,p0070,2048,False
98,1,95,tenant-7,p0095,2048,False
99,1,71,tenant-7,p0071,2048,False
100,1,78,tenant-6,p0078,2048,False
101,1,124,tenant-4,p0124,2048,False
102,1,67,tenant-3,p0067,2048,False
103,1,111,tenant-7,p0111,2048,False
104,1,95,tenant-7,p0095,2048,False
105,1,66,tenant-2,p0066,2048,False
106,1,97,tenant-1,p0097,2048,False
107,1,96,tenant-0,p0096,2048,False
108,1,75,tenant-3,p0075,2048,False
109,1,64,tenant-0,p0064,2048,False
110,1,66,tenant-2,p0066,2048,False
111,1,65,tenant-1,p0065,2048,False
112,1,66,tenant-2,p0066,2048,False
113,1,75,tenant-3,p0075,2048,False
114,1,95,tenant-7,p0095,2048,False
115,1,94,tenant-6,p0094,2048,False
116,1,95,tenant-7,p0095,2048,False
117,1,74,tenant-2,p0074,2048,False
118,1,95,tenant-7,p0095,2048,False
119,1,105,tenant-1,p0105,2048,False
120,1,64,tenant-0,p0064,2048,False
121,1,106,tenant-2,p0106,2048,False
122,1,115,tenant-3,p0115,2048,False
123,1,71,tenant-7,p0071,2048,False
124,1,109,tenant-5,p0109,2048,False
125,1,73,tenant-1,p0073,2048,False
126,1,102,tenant-6,p0102,2048,False
127,1,64,tenant-0,p0064,2048,False
